type,name
Executives,Paul Isabella - President and CEO
Executives,Joe Nowicki - Executive Vice President and CFO
Analysts,Garik Shmois - Longbow Research
Analysts,Jay McCanless - Wedbush
Analysts,Elad Hillman - J.P. Morgan
Analysts,Kathryn Thompson - Thompson Research Group
Analysts,Ryan Merkel - William Blair
Analysts,Keith Hughes - SunTrust
Analysts,Maggie Grady - Jefferies
Analysts,David Manthey - Baird
Analysts,Trey Morrish - Evercore
Analysts,Matt McCall - Seaport Global Securities
Analysts,Tim Mazurczak - Citi
