type,name
Executives,"Faten Freiha - VP, Investor Relations"
Executives,"Christopher Baldwin - Chairman, President & Chief Executive Officer"
Executives,"Robert Eddy - Executive Vice President, Chief Financial and Administrative Officer"
Executives,"Bill Werner - Senior Vice President, Strategic Planning and Investor Relations"
Analysts,Robert Ohmes - Bank of America Merrill Lynch
Analysts,Christopher Horvers - J.P. Morgan
Analysts,Mike Baker - Deutsche Bank
Analysts,Simeon Gutman - Morgan Stanley
Analysts,Kate McShane - Citi
Analysts,Peter Benedict - Baird
Analysts,Simeon Siegel - Nomura/Instinet
Analysts,Chuck Grom - Gordon Haskett
Analysts,Laura Champine - Loop Capital
Analysts,Scott Mushkin - Wolfe Research
Analysts,Chuck Cerankosky - Northcoast Research
