type,name
Executives,Dan Rosensweig - Chairman and CEO
Executives,Andy Brown - CFO
Executives,Tracey Ford - VP of IR
Analysts,Jeff Silber - BMO Capital Markets
Analysts,Doug Anmuth - JPMorgan
Analysts,Brent Thill - Jefferies
Analysts,Ken Wang - First Analysis
Analysts,Chris Howe - Barrington Research
Analysts,Eric Martinuzzi - Lake Street Capital Markets
Analysts,Mike Grondahl - Northland Capital Markets
Analysts,Brian Essex - Morgan Stanley
Analysts,Alex Fuhrman - Craig-Hallum Capital Group
Analysts,Aaron Kessler - Raymond James
